COUNTRY;COUNTRY CODES;CONFIRMED CASES;DEATHS;CASE-FATALITY;MORTALITY;ELDERLY POPULATION (% OF TOTAL IN 2021);HEALTHCARE INDEX (2022);HUMAN DEVELOPMENT INDEX (2021)
Afghanistan;AF;205.907;7.833;3,8;20,12;3;;0,48
Albania;AL;333.343;3.594;1,1;124,89;15;49,61;0,8
Algeria;DZ;271.090;6.881;2,5;15,69;7;53,9;0,75
Andorra;AD;47.219;157;0,3;203,2;;;0,86
Angola;AO;104.676;1.924;1,8;5,85;2;;0,59
Antigua and Barbuda;AG;9.106;146;1,6;149,09;10;;0,79
Argentina;AR;9.727.247;130.025;1,3;287,69;12;69;0,84
Armenia;AM;445.737;8.710;2;293,94;12;55,74;0,76
Australia;AU;10.659.898;16.137;0,2;63,38;17;77,76;0,95
Austria;AT;5.561.633;21.210;0,4;235,5;19;76,19;0,92
Azerbaijan;AZ;824.337;9.980;1,2;98,43;7;46,56;0,75
Bahamas;BS;37.483;833;2,2;211,83;8;;0,81
Bahrain;BH;696.332;1.536;0,2;90,27;3;;0,88
Bangladesh;BD;2.036.585;29.433;1,4;17,87;5;41,74;0,66
Barbados;BB;104.416;567;0,5;197,31;17;;0,79
Belarus;BY;994.037;7.118;0,7;75,33;16;46,14;0,81
Belgium;BE;4.639.411;33.061;0,7;287,67;20;75,53;0,94
Belize;BZ;69.048;688;1;173,03;5;;0,68
Benin;BJ;27.980;163;0,6;1,34;3;;0,53
Bhutan;BT;62.503;21;0;2,72;6;;0,67
Bolivia;BO;1.111.086;22.247;2;190,58;8;;0,69
Bosnia and Herzegovina;BA;400.548;16.202;4;493,84;19;55,26;0,78
Botswana;BW;326.633;2.790;0,9;118,64;5;;0,69
Brazil;BR;35.227.599;689.665;2;324,46;10;57,89;0,75
Brunei;BN;257.921;225;0,1;51,43;6;;0,83
Bulgaria;BG;1.287.256;38.039;3;547,45;22;56,82;0,8
Burkina Faso;BF;21.631;387;1,8;1,85;2;;0,45
Burundi;BI;51.018;38;0,1;0,32;2;;0,43
Cabo Verde;CV;63.037;412;0,7;74,1;5;;0,66
Cambodia;KH;138.099;3.056;2,2;18,28;5;49,43;0,59
Cameroon;CM;123.993;1.965;1,6;7,4;3;;0,58
Canada;CA;4.432.426;48.002;1,1;125,51;19;70,8;0,94
Central African Republic;CF;15.311;113;0,7;2,34;3;;0,4
Chad;TD;7.646;194;2,5;1,18;3;;0,39
Chile;CL;4.920.010;62.422;1,3;326,54;13;64,21;0,86
China;CN;3.719.252;15.986;0,4;1,13;12;66,7;0,77
Colombia;CO;6.312.657;141.881;2,2;278,84;9;67,49;0,75
Comoros;KM;8.965;161;1,8;18,51;3;;0,56
Congo;CG;25.375;386;1,5;7;3;;0,57
Costa Rica;CR;1.146.135;9.038;0,8;177,42;11;62,97;0,81
Croatia;HR;1.253.761;17.316;1,4;421,8;22;63,75;0,86
Cuba;CU;1.111.392;8.530;0,8;75,31;16;;0,76
Cyprus;CY;614.237;1.226;0,2;101,54;15;54,12;0,9
Czechia;CZ;4.558.202;41.882;0,9;391,09;20;75,45;0,89
Denmark;DK;3.400.329;7.581;0,2;129,87;20;79,77;0,95
Djibouti;DJ;15.690;189;1,2;19,13;5;;0,51
Dominica;DM;15.760;74;0,5;102,79;;;0,72
Dominican Republic;DO;650.381;4.384;0,7;40,41;8;55,55;0,77
DRC;CD;94.204;1.455;1,5;1,62;3;;0,48
Ecuador;EC;1.011.132;35.940;3,6;203,71;8;68,89;0,74
Egypt;EG;515.645;24.798;4,8;24,23;5;47,41;0,73
El Salvador;SV;201.785;4.230;2,1;65,22;9;;0,68
Equatorial Guinea;GQ;17.183;183;1,1;13,04;2;;0,6
Eritrea;ER;10.189;103;1;2,9;4;;0,49
Estonia;EE;609.297;2.790;0,5;210,32;21;73,87;0,89
Eswatini;SZ;73.770;1.422;1,9;122,57;4;;0,6
Ethiopia;ET;494.578;7.572;1,5;6,59;4;;0,5
Fiji;FJ;68.375;878;1,3;97,94;6;;0,73
Finland;FI;1.394.254;7.265;0,5;131,12;23;76,75;0,94
France;FR;38.046.448;160.066;0,4;245,2;21;79,96;0,9
Gabon;GA;48.973;306;0,6;13,75;4;;0,71
Gambia;GM;12.586;372;3;15,39;3;;0,5
Georgia;GE;1.805.698;16.881;0,9;423,17;16;54,49;0,8
Germany;DE;36.499.600;157.943;0,4;189,94;22;72,45;0,94
Ghana;GH;171.009;1.461;0,9;4,7;3;;0,63
Greece;GR;5.404.690;34.309;0,6;329,16;23;57,24;0,89
Grenada;GD;19.631;237;1,2;210,63;10;;0,8
Guatemala;GT;1.156.468;19.951;1,7;111,36;5;66,98;0,63
Guinea;GN;38.153;464;1,2;3,53;3;;0,47
Guinea-Bissau;GW;8.848;176;2;8,94;3;;0,48
Guyana;GY;71.620;1.285;1,8;163,37;7;;0,71
Haiti;HT;33.846;860;2,5;7,54;5;;0,54
Honduras;HN;458.023;11.043;2,4;111,49;5;;0,62
Hungary;HU;2.166.352;48.287;2,2;499,85;21;54,27;0,85
Iceland;IS;207.101;219;0,1;64,18;16;66,61;0,96
India;IN;44.673.863;530.622;1,2;38,45;7;65,59;0,63
Indonesia;ID;6.664.844;159.830;2,4;58,43;7;60,48;0,71
Iran;IR;7.559.706;144.633;1,9;172,2;7;52,31;0,77
Iraq;IQ;2.463.724;25.364;1;63,06;3;44,27;0,69
Ireland;IE;1.680.548;8.197;0,5;166,01;15;52,03;0,95
Israel;IL;4.722.410;11.863;0,3;137,06;13;73,73;0,92
Italy;IT;24.260.660;181.098;0,7;299,52;24;66,67;0,9
Ivory Coast;CI;87.885;830;0,9;3,15;3;;0,55
Jamaica;JM;152.517;3.399;2,2;114,79;9;;0,71
Japan;JP;24.815.308;49.652;0,2;39,26;29;80,52;0,93
Jordan;JO;1.746.997;14.122;0,8;138,41;4;64,95;0,72
Kazakhstan;KZ;1.485.635;19.053;1,3;101,47;8;59,89;0,81
Kenya;KE;341.636;5.684;1,7;10,57;3;63,44;0,58
Kiribati;KI;3.430;13;0,4;11,05;4;;0,62
Kosovo;XK;272.209;3.202;1,2;176,87;;;0,75
Kuwait;KW;662.672;2.570;0,4;60,18;3;58,95;0,83
Kyrgyzstan;KG;206.530;2.991;1,4;45,84;5;;0,69
Laos;LA;216.744;758;0,3;10,42;4;;0,61
Latvia;LV;963.451;6.091;0,6;322,92;21;63,16;0,86
Lebanon;LB;1.220.560;10.737;0,9;157,31;8;62,95;0,71
Lesotho;LS;34.490;706;2;32,96;5;;0,51
Liberia;LR;8.022;294;3,7;5,81;3;;0,48
Libya;LY;507.084;6.437;1,3;93,68;5;;0,72
Liechtenstein;LI;20.935;87;0,4;228,12;;;0,94
Lithuania;LT;1.276.076;9.434;0,7;346,55;21;73,4;0,88
Luxembourg;LU;306.843;1.162;0,4;185,63;15;71,54;0,93
Madagascar;MG;67.259;1.412;2,1;5,1;3;;0,5
Malawi;MW;88.086;2.685;3;14,04;3;;0,51
Malaysia;MY;4.992.168;36.684;0,7;113,34;7;70,14;0,8
Maldives;MV;185.618;311;0,2;57,53;4;;0,75
Mali;ML;32.760;742;2,3;3,66;2;;0,43
Malta;MT;115.818;809;0,7;183,22;22;38,24;0,92
Marshall Islands;MH;15.541;17;0,1;29,1;;;0,64
Mauritania;MR;63.420;997;1,6;21,44;3;;0,56
Mauritius;MU;276.456;1.034;0,4;81,3;13;;0,8
Mexico;MX;7.125.176;330.495;4,6;258,62;8;72,82;0,76
Micronesia;FM;22.203;58;0,3;50,96;5;;0,63
Moldova;MD;595.073;11.918;2;295,9;13;;0,77
Mongolia;MN;992.767;2.134;0,2;65,09;4;;0,74
Montenegro;ME;283.719;2.790;1;444,22;16;;0,83
Morocco;MA;1.268.823;16.284;1,3;44,12;8;46,37;0,68
Mozambique;MZ;230.624;2.226;1;7,12;3;;0,45
Myanmar;MM;633.245;19.488;3,1;35,82;6;;0,59
Namibia;NA;169.946;4.080;2,4;160,57;4;;0,62
Nepal;NP;1.000.889;12.019;1,2;41,25;6;57,56;0,6
Netherlands;NL;8.654.001;23.568;0,3;137,54;20;75,93;0,94
New Zealand;NZ;1.951.642;2.213;0,1;45,89;17;72,97;0,94
Nicaragua;NI;15.250;245;1,6;3,7;6;;0,67
Niger;NE;9.434;314;3,3;1,3;3;;0,4
Nigeria;NG;266.283;3.155;1,2;1,53;3;48,49;0,54
North Macedonia;MK;344.710;9.568;2,8;459,25;15;55,62;0,77
Norway;NO;1.469.061;4.384;0,3;80,87;18;77,08;0,96
Oman;OM;399.119;4.628;1,2;90,63;3;58,23;0,82
Pakistan;PK;1.575.225;30.632;1,9;13,87;4;59,54;0,54
Palau;PW;5.785;7;0,1;38,87;;;0,77
Palestine;PS;703.036;5.708;0,8;111,89;3;;0,72
Panama;PA;1.002.161;8.526;0,9;197,6;9;61,06;0,81
Papua New Guinea;PG;46.146;668;1,4;7,47;4;;0,56
Paraguay;PY;718.164;19.621;2,7;275,09;7;;0,72
Peru;PE;4.238.042;217.394;5,1;659,33;9;55,83;0,76
Philippines;PH;4.036.277;64.641;1,6;58,99;6;67,71;0,7
Poland;PL;6.352.755;118.319;1,9;312,63;19;54,57;0,88
Portugal;PT;5.542.265;25.450;0,5;249,59;23;72,09;0,87
Qatar;QA;478.848;685;0,1;23,78;2;73,67;0,86
Romania;RO;3.296.834;67.276;2;349,71;20;56,51;0,82
Russia;RU;21.284.476;384.103;1,8;263,2;16;59,86;0,82
Rwanda;RW;132.762;1.467;1,1;11,33;3;;0,53
Saint Kitts and Nevis;KN;6.556;46;0,7;86,48;;;0,78
Saint Lucia;LC;29.711;408;1,4;222,19;11;;0,72
Saint Vincent and the Grenadines;VC;9.474;116;1,2;104,55;10;;0,75
Samoa;WS;15.967;29;0,2;14,79;5;;0,71
San Marino;SM;22.167;119;0,5;350,64;;;0,85
Sao Tome and Principe;ST;6.278;77;1,2;35,13;3;;0,62
Saudi Arabia;SA;825.597;9.464;1,1;27,18;4;61,16;0,88
Senegal;SN;88.873;1.968;2,2;11,75;3;;0,51
Serbia;RS;2.423.385;17.387;0,7;199;19;52,42;0,8
Seychelles;SC;50.068;171;0,3;173,89;8;;0,79
Sierra Leone;SL;7.759;126;1,6;1,58;3;;0,48
Singapore;SG;2.167.897;1.703;0,1;29,11;14;71,09;0,94
Slovakia;SK;2.650.230;20.733;0,8;381,49;17;60,14;0,85
Slovenia;SI;1.258.446;6.933;0,6;333,49;21;65,14;0,92
Solomon Islands;SB;24.575;153;0,6;23,44;4;;0,56
Somalia;SO;27.286;1.361;5;8,56;3;;0,36
South Africa;ZA;4.041.890;102.428;2,5;172,7;6;63,95;0,71
South Korea;KR;27.155.813;30.568;0,1;59,62;17;83,04;0,93
South Sudan;SS;18.350;138;0,8;1,23;3;;0,39
Spain;ES;13.595.504;115.901;0,9;247,89;20;78,14;0,91
Sri Lanka;LK;671.682;16.803;2,5;78,47;12;72,02;0,78
Sudan;SD;63.637;4.990;7,8;11,38;4;;0,51
Suriname;SR;81.581;1.393;1,7;237,46;7;;0,73
Sweden;SE;2.626.686;21.034;0,8;208,27;20;68,81;0,95
Switzerland;CH;4.337.983;14.137;0,3;163,35;19;75,32;0,96
Syria;SY;57.399;3.163;5,5;18,07;5;;0,58
Taiwan;TW;8.313.366;14.334;0,2;60,18;;86,04;0,92
Tajikistan;TJ;17.786;125;0,7;1,31;3;;0,69
Tanzania;TZ;40.656;845;2,1;1,41;3;;0,55
Thailand;TH;4.707.244;33.180;0,7;47,54;14;77,57;0,8
Timor-Leste;TL;23.343;138;0,6;10,47;4;;0,61
Togo;TG;39.328;290;0,7;3,5;3;;0,54
Tonga;TO;16.182;12;0,1;11,35;6;;0,75
Trinidad and Tobago;TT;185.377;4.267;2,3;304,9;12;53,79;0,81
Tunisia;TN;1.147.072;29.268;2,6;247,64;9;57,26;0,73
Turkey;TR;16.919.638;101.203;0,6;120;9;70,7;0,84
Uganda;UG;169.733;3.630;2,1;7,94;2;;0,53
Ukraine;UA;5.642.645;118.404;2,1;270,74;17;55,22;0,77
United Arab Emirates;AE;1.044.343;2.348;0,2;23,74;1;69,68;0,91
United Kingdom;GB;24.225.062;212.585;0,9;313,15;19;74,46;0,93
United States;US;98.788.140;1.080.444;1,1;327,94;17;68,93;0,92
Uruguay;UY;993.875;7.537;0,8;216,97;15;67,97;0,81
Uzbekistan;UZ;246.520;1.637;0,7;4,89;5;;0,73
Vanuatu;VU;11.981;14;0,1;4,78;4;;0,61
Venezuela;VE;547.396;5.828;1,1;20,5;8;39,15;0,69
Vietnam;VN;11.515.908;43.175;0,4;44,36;8;59,09;0,7
Yemen;YE;11.945;2.159;18,1;7,24;3;;0,46
Zambia;ZM;333.746;4.019;1,2;21,86;2;;0,57
Zimbabwe;ZW;259.164;5.620;2,2;37,81;3;;0,59
